dataset,model,seed,degradation,severity,trust_signal,performance_signal,confidence_signal,rule_channel,rule,rule_label,deterioration_value,caution_threshold,do_not_trust_threshold,rule_signal,triggered,is_channel_driver,is_overall_driver,gap_direction,validation_split,validation_track_hash,track_overlap
GTSRB,GTSRBCNN,42,none,0,trust,trust,trust,confidence,ece_increase,ECE increase,0.0,0.03,0.08,trust,False,False,False,,stratified_track,f37d445eac4fe94ed5b346b8939aa361ab11f8f32b60cc5c06698bb858efaba8,0
GTSRB,GTSRBCNN,42,none,0,trust,trust,trust,confidence,fixed_hcer_increase,fixed HCER increase,0.0,0.02,0.07,trust,False,False,False,,stratified_track,f37d445eac4fe94ed5b346b8939aa361ab11f8f32b60cc5c06698bb858efaba8,0
GTSRB,GTSRBCNN,42,none,0,trust,trust,trust,confidence,gap_deterioration,confidence gap deterioration,0.0,0.05,0.12,trust,False,False,False,unchanged,stratified_track,f37d445eac4fe94ed5b346b8939aa361ab11f8f32b60cc5c06698bb858efaba8,0
GTSRB,GTSRBCNN,42,none,0,trust,trust,trust,performance,absolute_accuracy_drop,absolute accuracy drop,0.0,0.05,0.15,trust,False,False,False,,stratified_track,f37d445eac4fe94ed5b346b8939aa361ab11f8f32b60cc5c06698bb858efaba8,0
GTSRB,GTSRBCNN,42,none,0,trust,trust,trust,performance,relative_error_increase,relative error increase,0.0,1.0,3.0,trust,False,False,False,,stratified_track,f37d445eac4fe94ed5b346b8939aa361ab11f8f32b60cc5c06698bb858efaba8,0
GTSRB,GTSRBCNN,42,blur,1,trust,trust,trust,confidence,ece_increase,ECE increase,0.008792315058923403,0.03,0.08,trust,False,False,False,,stratified_track,f37d445eac4fe94ed5b346b8939aa361ab11f8f32b60cc5c06698bb858efaba8,0
GTSRB,GTSRBCNN,42,blur,1,trust,trust,trust,confidence,fixed_hcer_increase,fixed HCER increase,0.0072050673000792,0.02,0.07,trust,False,False,False,,stratified_track,f37d445eac4fe94ed5b346b8939aa361ab11f8f32b60cc5c06698bb858efaba8,0
GTSRB,GTSRBCNN,42,blur,1,trust,trust,trust,confidence,gap_deterioration,confidence gap deterioration,0.008792315058923403,0.05,0.12,trust,False,False,False,towards_overconfidence,stratified_track,f37d445eac4fe94ed5b346b8939aa361ab11f8f32b60cc5c06698bb858efaba8,0
GTSRB,GTSRBCNN,42,blur,1,trust,trust,trust,performance,absolute_accuracy_drop,absolute accuracy drop,0.014489311163895513,0.05,0.15,trust,False,False,False,,stratified_track,f37d445eac4fe94ed5b346b8939aa361ab11f8f32b60cc5c06698bb858efaba8,0
GTSRB,GTSRBCNN,42,blur,1,trust,trust,trust,performance,relative_error_increase,relative error increase,0.11077481840193726,1.0,3.0,trust,False,False,False,,stratified_track,f37d445eac4fe94ed5b346b8939aa361ab11f8f32b60cc5c06698bb858efaba8,0
GTSRB,GTSRBCNN,42,blur,2,trust,trust,trust,confidence,ece_increase,ECE increase,0.02867926498749669,0.03,0.08,trust,False,False,False,,stratified_track,f37d445eac4fe94ed5b346b8939aa361ab11f8f32b60cc5c06698bb858efaba8,0
GTSRB,GTSRBCNN,42,blur,2,trust,trust,trust,confidence,fixed_hcer_increase,fixed HCER increase,0.0179730799683294,0.02,0.07,trust,False,False,False,,stratified_track,f37d445eac4fe94ed5b346b8939aa361ab11f8f32b60cc5c06698bb858efaba8,0
GTSRB,GTSRBCNN,42,blur,2,trust,trust,trust,confidence,gap_deterioration,confidence gap deterioration,0.028679264987496594,0.05,0.12,trust,False,False,False,towards_overconfidence,stratified_track,f37d445eac4fe94ed5b346b8939aa361ab11f8f32b60cc5c06698bb858efaba8,0
GTSRB,GTSRBCNN,42,blur,2,trust,trust,trust,performance,absolute_accuracy_drop,absolute accuracy drop,0.04679334916864608,0.05,0.15,trust,False,False,False,,stratified_track,f37d445eac4fe94ed5b346b8939aa361ab11f8f32b60cc5c06698bb858efaba8,0
GTSRB,GTSRBCNN,42,blur,2,trust,trust,trust,performance,relative_error_increase,relative error increase,0.35774818401937053,1.0,3.0,trust,False,False,False,,stratified_track,f37d445eac4fe94ed5b346b8939aa361ab11f8f32b60cc5c06698bb858efaba8,0
GTSRB,GTSRBCNN,42,blur,3,caution,caution,caution,confidence,ece_increase,ECE increase,0.05892282623623639,0.03,0.08,caution,True,True,True,,stratified_track,f37d445eac4fe94ed5b346b8939aa361ab11f8f32b60cc5c06698bb858efaba8,0
GTSRB,GTSRBCNN,42,blur,3,caution,caution,caution,confidence,fixed_hcer_increase,fixed HCER increase,0.034916864608076005,0.02,0.07,caution,True,True,True,,stratified_track,f37d445eac4fe94ed5b346b8939aa361ab11f8f32b60cc5c06698bb858efaba8,0
GTSRB,GTSRBCNN,42,blur,3,caution,caution,caution,confidence,gap_deterioration,confidence gap deterioration,0.05892282623623629,0.05,0.12,caution,True,True,True,towards_overconfidence,stratified_track,f37d445eac4fe94ed5b346b8939aa361ab11f8f32b60cc5c06698bb858efaba8,0
GTSRB,GTSRBCNN,42,blur,3,caution,caution,caution,performance,absolute_accuracy_drop,absolute accuracy drop,0.0954077593032463,0.05,0.15,caution,True,True,True,,stratified_track,f37d445eac4fe94ed5b346b8939aa361ab11f8f32b60cc5c06698bb858efaba8,0
GTSRB,GTSRBCNN,42,blur,3,caution,caution,caution,performance,relative_error_increase,relative error increase,0.7294188861985478,1.0,3.0,trust,False,False,False,,stratified_track,f37d445eac4fe94ed5b346b8939aa361ab11f8f32b60cc5c06698bb858efaba8,0
GTSRB,GTSRBCNN,42,blur,4,do_not_trust,do_not_trust,do_not_trust,confidence,ece_increase,ECE increase,0.09512247067543599,0.03,0.08,do_not_trust,True,True,True,,stratified_track,f37d445eac4fe94ed5b346b8939aa361ab11f8f32b60cc5c06698bb858efaba8,0
GTSRB,GTSRBCNN,42,blur,4,do_not_trust,do_not_trust,do_not_trust,confidence,fixed_hcer_increase,fixed HCER increase,0.046159936658749005,0.02,0.07,caution,True,False,False,,stratified_track,f37d445eac4fe94ed5b346b8939aa361ab11f8f32b60cc5c06698bb858efaba8,0
GTSRB,GTSRBCNN,42,blur,4,do_not_trust,do_not_trust,do_not_trust,confidence,gap_deterioration,confidence gap deterioration,0.095122470675436,0.05,0.12,caution,True,False,False,towards_overconfidence,stratified_track,f37d445eac4fe94ed5b346b8939aa361ab11f8f32b60cc5c06698bb858efaba8,0
GTSRB,GTSRBCNN,42,blur,4,do_not_trust,do_not_trust,do_not_trust,performance,absolute_accuracy_drop,absolute accuracy drop,0.1524148851939826,0.05,0.15,do_not_trust,True,True,True,,stratified_track,f37d445eac4fe94ed5b346b8939aa361ab11f8f32b60cc5c06698bb858efaba8,0
GTSRB,GTSRBCNN,42,blur,4,do_not_trust,do_not_trust,do_not_trust,performance,relative_error_increase,relative error increase,1.165254237288136,1.0,3.0,caution,True,False,False,,stratified_track,f37d445eac4fe94ed5b346b8939aa361ab11f8f32b60cc5c06698bb858efaba8,0
GTSRB,GTSRBCNN,42,blur,5,do_not_trust,do_not_trust,do_not_trust,confidence,ece_increase,ECE increase,0.12563091689574762,0.03,0.08,do_not_trust,True,True,True,,stratified_track,f37d445eac4fe94ed5b346b8939aa361ab11f8f32b60cc5c06698bb858efaba8,0
GTSRB,GTSRBCNN,42,blur,5,do_not_trust,do_not_trust,do_not_trust,confidence,fixed_hcer_increase,fixed HCER increase,0.061124307205067306,0.02,0.07,caution,True,False,False,,stratified_track,f37d445eac4fe94ed5b346b8939aa361ab11f8f32b60cc5c06698bb858efaba8,0
GTSRB,GTSRBCNN,42,blur,5,do_not_trust,do_not_trust,do_not_trust,confidence,gap_deterioration,confidence gap deterioration,0.1256226046953236,0.05,0.12,do_not_trust,True,True,True,towards_overconfidence,stratified_track,f37d445eac4fe94ed5b346b8939aa361ab11f8f32b60cc5c06698bb858efaba8,0
GTSRB,GTSRBCNN,42,blur,5,do_not_trust,do_not_trust,do_not_trust,performance,absolute_accuracy_drop,absolute accuracy drop,0.2061757719714965,0.05,0.15,do_not_trust,True,True,True,,stratified_track,f37d445eac4fe94ed5b346b8939aa361ab11f8f32b60cc5c06698bb858efaba8,0
GTSRB,GTSRBCNN,42,blur,5,do_not_trust,do_not_trust,do_not_trust,performance,relative_error_increase,relative error increase,1.5762711864406787,1.0,3.0,caution,True,False,False,,stratified_track,f37d445eac4fe94ed5b346b8939aa361ab11f8f32b60cc5c06698bb858efaba8,0
GTSRB,GTSRBCNN,42,noise,1,caution,caution,caution,confidence,ece_increase,ECE increase,0.0489468625303497,0.03,0.08,caution,True,True,True,,stratified_track,f37d445eac4fe94ed5b346b8939aa361ab11f8f32b60cc5c06698bb858efaba8,0
GTSRB,GTSRBCNN,42,noise,1,caution,caution,caution,confidence,fixed_hcer_increase,fixed HCER increase,0.012430720506729998,0.02,0.07,trust,False,False,False,,stratified_track,f37d445eac4fe94ed5b346b8939aa361ab11f8f32b60cc5c06698bb858efaba8,0
GTSRB,GTSRBCNN,42,noise,1,caution,caution,caution,confidence,gap_deterioration,confidence gap deterioration,0.048946862530349605,0.05,0.12,trust,False,False,False,towards_overconfidence,stratified_track,f37d445eac4fe94ed5b346b8939aa361ab11f8f32b60cc5c06698bb858efaba8,0
GTSRB,GTSRBCNN,42,noise,1,caution,caution,caution,performance,absolute_accuracy_drop,absolute accuracy drop,0.09366587490102929,0.05,0.15,caution,True,True,True,,stratified_track,f37d445eac4fe94ed5b346b8939aa361ab11f8f32b60cc5c06698bb858efaba8,0
GTSRB,GTSRBCNN,42,noise,1,caution,caution,caution,performance,relative_error_increase,relative error increase,0.7161016949152543,1.0,3.0,trust,False,False,False,,stratified_track,f37d445eac4fe94ed5b346b8939aa361ab11f8f32b60cc5c06698bb858efaba8,0
GTSRB,GTSRBCNN,42,noise,2,do_not_trust,do_not_trust,do_not_trust,confidence,ece_increase,ECE increase,0.20911861349100747,0.03,0.08,do_not_trust,True,True,True,,stratified_track,f37d445eac4fe94ed5b346b8939aa361ab11f8f32b60cc5c06698bb858efaba8,0
GTSRB,GTSRBCNN,42,noise,2,do_not_trust,do_not_trust,do_not_trust,confidence,fixed_hcer_increase,fixed HCER increase,0.1046714172604909,0.02,0.07,do_not_trust,True,True,True,,stratified_track,f37d445eac4fe94ed5b346b8939aa361ab11f8f32b60cc5c06698bb858efaba8,0
GTSRB,GTSRBCNN,42,noise,2,do_not_trust,do_not_trust,do_not_trust,confidence,gap_deterioration,confidence gap deterioration,0.20911861349100738,0.05,0.12,do_not_trust,True,True,True,towards_overconfidence,stratified_track,f37d445eac4fe94ed5b346b8939aa361ab11f8f32b60cc5c06698bb858efaba8,0
GTSRB,GTSRBCNN,42,noise,2,do_not_trust,do_not_trust,do_not_trust,performance,absolute_accuracy_drop,absolute accuracy drop,0.28701504354711005,0.05,0.15,do_not_trust,True,True,True,,stratified_track,f37d445eac4fe94ed5b346b8939aa361ab11f8f32b60cc5c06698bb858efaba8,0
GTSRB,GTSRBCNN,42,noise,2,do_not_trust,do_not_trust,do_not_trust,performance,relative_error_increase,relative error increase,2.1943099273607753,1.0,3.0,caution,True,False,False,,stratified_track,f37d445eac4fe94ed5b346b8939aa361ab11f8f32b60cc5c06698bb858efaba8,0
GTSRB,GTSRBCNN,42,noise,3,do_not_trust,do_not_trust,do_not_trust,confidence,ece_increase,ECE increase,0.3149111286077062,0.03,0.08,do_not_trust,True,True,True,,stratified_track,f37d445eac4fe94ed5b346b8939aa361ab11f8f32b60cc5c06698bb858efaba8,0
GTSRB,GTSRBCNN,42,noise,3,do_not_trust,do_not_trust,do_not_trust,confidence,fixed_hcer_increase,fixed HCER increase,0.1534441805225653,0.02,0.07,do_not_trust,True,True,True,,stratified_track,f37d445eac4fe94ed5b346b8939aa361ab11f8f32b60cc5c06698bb858efaba8,0
GTSRB,GTSRBCNN,42,noise,3,do_not_trust,do_not_trust,do_not_trust,confidence,gap_deterioration,confidence gap deterioration,0.3148070900806432,0.05,0.12,do_not_trust,True,True,True,towards_overconfidence,stratified_track,f37d445eac4fe94ed5b346b8939aa361ab11f8f32b60cc5c06698bb858efaba8,0
GTSRB,GTSRBCNN,42,noise,3,do_not_trust,do_not_trust,do_not_trust,performance,absolute_accuracy_drop,absolute accuracy drop,0.4247822644497229,0.05,0.15,do_not_trust,True,True,True,,stratified_track,f37d445eac4fe94ed5b346b8939aa361ab11f8f32b60cc5c06698bb858efaba8,0
GTSRB,GTSRBCNN,42,noise,3,do_not_trust,do_not_trust,do_not_trust,performance,relative_error_increase,relative error increase,3.2475786924939474,1.0,3.0,do_not_trust,True,True,True,,stratified_track,f37d445eac4fe94ed5b346b8939aa361ab11f8f32b60cc5c06698bb858efaba8,0
GTSRB,GTSRBCNN,42,noise,4,do_not_trust,do_not_trust,do_not_trust,confidence,ece_increase,ECE increase,0.35751933880557357,0.03,0.08,do_not_trust,True,True,True,,stratified_track,f37d445eac4fe94ed5b346b8939aa361ab11f8f32b60cc5c06698bb858efaba8,0
GTSRB,GTSRBCNN,42,noise,4,do_not_trust,do_not_trust,do_not_trust,confidence,fixed_hcer_increase,fixed HCER increase,0.14774346793349172,0.02,0.07,do_not_trust,True,True,True,,stratified_track,f37d445eac4fe94ed5b346b8939aa361ab11f8f32b60cc5c06698bb858efaba8,0
GTSRB,GTSRBCNN,42,noise,4,do_not_trust,do_not_trust,do_not_trust,confidence,gap_deterioration,confidence gap deterioration,0.35747719234709496,0.05,0.12,do_not_trust,True,True,True,towards_overconfidence,stratified_track,f37d445eac4fe94ed5b346b8939aa361ab11f8f32b60cc5c06698bb858efaba8,0
GTSRB,GTSRBCNN,42,noise,4,do_not_trust,do_not_trust,do_not_trust,performance,absolute_accuracy_drop,absolute accuracy drop,0.5101346001583531,0.05,0.15,do_not_trust,True,True,True,,stratified_track,f37d445eac4fe94ed5b346b8939aa361ab11f8f32b60cc5c06698bb858efaba8,0
GTSRB,GTSRBCNN,42,noise,4,do_not_trust,do_not_trust,do_not_trust,performance,relative_error_increase,relative error increase,3.9001210653753033,1.0,3.0,do_not_trust,True,True,True,,stratified_track,f37d445eac4fe94ed5b346b8939aa361ab11f8f32b60cc5c06698bb858efaba8,0
GTSRB,GTSRBCNN,42,noise,5,do_not_trust,do_not_trust,do_not_trust,confidence,ece_increase,ECE increase,0.39220453387366727,0.03,0.08,do_not_trust,True,True,True,,stratified_track,f37d445eac4fe94ed5b346b8939aa361ab11f8f32b60cc5c06698bb858efaba8,0
GTSRB,GTSRBCNN,42,noise,5,do_not_trust,do_not_trust,do_not_trust,confidence,fixed_hcer_increase,fixed HCER increase,0.1293745051464766,0.02,0.07,do_not_trust,True,True,True,,stratified_track,f37d445eac4fe94ed5b346b8939aa361ab11f8f32b60cc5c06698bb858efaba8,0
GTSRB,GTSRBCNN,42,noise,5,do_not_trust,do_not_trust,do_not_trust,confidence,gap_deterioration,confidence gap deterioration,0.39220453387366716,0.05,0.12,do_not_trust,True,True,True,towards_overconfidence,stratified_track,f37d445eac4fe94ed5b346b8939aa361ab11f8f32b60cc5c06698bb858efaba8,0
GTSRB,GTSRBCNN,42,noise,5,do_not_trust,do_not_trust,do_not_trust,performance,absolute_accuracy_drop,absolute accuracy drop,0.5859065716547902,0.05,0.15,do_not_trust,True,True,True,,stratified_track,f37d445eac4fe94ed5b346b8939aa361ab11f8f32b60cc5c06698bb858efaba8,0
GTSRB,GTSRBCNN,42,noise,5,do_not_trust,do_not_trust,do_not_trust,performance,relative_error_increase,relative error increase,4.479418886198548,1.0,3.0,do_not_trust,True,True,True,,stratified_track,f37d445eac4fe94ed5b346b8939aa361ab11f8f32b60cc5c06698bb858efaba8,0
GTSRB,GTSRBCNN,42,low_light,1,trust,trust,trust,confidence,ece_increase,ECE increase,5.85464499626015e-05,0.03,0.08,trust,False,False,False,,stratified_track,f37d445eac4fe94ed5b346b8939aa361ab11f8f32b60cc5c06698bb858efaba8,0
GTSRB,GTSRBCNN,42,low_light,1,trust,trust,trust,confidence,fixed_hcer_increase,fixed HCER increase,0.00047505938242280166,0.02,0.07,trust,False,False,False,,stratified_track,f37d445eac4fe94ed5b346b8939aa361ab11f8f32b60cc5c06698bb858efaba8,0
GTSRB,GTSRBCNN,42,low_light,1,trust,trust,trust,confidence,gap_deterioration,confidence gap deterioration,5.8546449962504354e-05,0.05,0.12,trust,False,False,False,towards_overconfidence,stratified_track,f37d445eac4fe94ed5b346b8939aa361ab11f8f32b60cc5c06698bb858efaba8,0
GTSRB,GTSRBCNN,42,low_light,1,trust,trust,trust,performance,absolute_accuracy_drop,absolute accuracy drop,0.0030878859857482732,0.05,0.15,trust,False,False,False,,stratified_track,f37d445eac4fe94ed5b346b8939aa361ab11f8f32b60cc5c06698bb858efaba8,0
GTSRB,GTSRBCNN,42,low_light,1,trust,trust,trust,performance,relative_error_increase,relative error increase,0.023607748184019794,1.0,3.0,trust,False,False,False,,stratified_track,f37d445eac4fe94ed5b346b8939aa361ab11f8f32b60cc5c06698bb858efaba8,0
GTSRB,GTSRBCNN,42,low_light,2,trust,trust,trust,confidence,ece_increase,ECE increase,0.0037019793891000935,0.03,0.08,trust,False,False,False,,stratified_track,f37d445eac4fe94ed5b346b8939aa361ab11f8f32b60cc5c06698bb858efaba8,0
GTSRB,GTSRBCNN,42,low_light,2,trust,trust,trust,confidence,fixed_hcer_increase,fixed HCER increase,0.0008709422011084975,0.02,0.07,trust,False,False,False,,stratified_track,f37d445eac4fe94ed5b346b8939aa361ab11f8f32b60cc5c06698bb858efaba8,0
GTSRB,GTSRBCNN,42,low_light,2,trust,trust,trust,confidence,gap_deterioration,confidence gap deterioration,0.0037019793891000935,0.05,0.12,trust,False,False,False,towards_overconfidence,stratified_track,f37d445eac4fe94ed5b346b8939aa361ab11f8f32b60cc5c06698bb858efaba8,0
GTSRB,GTSRBCNN,42,low_light,2,trust,trust,trust,performance,absolute_accuracy_drop,absolute accuracy drop,0.013935075217735626,0.05,0.15,trust,False,False,False,,stratified_track,f37d445eac4fe94ed5b346b8939aa361ab11f8f32b60cc5c06698bb858efaba8,0
GTSRB,GTSRBCNN,42,low_light,2,trust,trust,trust,performance,relative_error_increase,relative error increase,0.10653753026634442,1.0,3.0,trust,False,False,False,,stratified_track,f37d445eac4fe94ed5b346b8939aa361ab11f8f32b60cc5c06698bb858efaba8,0
GTSRB,GTSRBCNN,42,low_light,3,trust,trust,trust,confidence,ece_increase,ECE increase,0.013669749827773997,0.03,0.08,trust,False,False,False,,stratified_track,f37d445eac4fe94ed5b346b8939aa361ab11f8f32b60cc5c06698bb858efaba8,0
GTSRB,GTSRBCNN,42,low_light,3,trust,trust,trust,confidence,fixed_hcer_increase,fixed HCER increase,-0.0001583531274743019,0.02,0.07,trust,False,False,False,,stratified_track,f37d445eac4fe94ed5b346b8939aa361ab11f8f32b60cc5c06698bb858efaba8,0
GTSRB,GTSRBCNN,42,low_light,3,trust,trust,trust,confidence,gap_deterioration,confidence gap deterioration,0.013669749827773803,0.05,0.12,trust,False,False,False,towards_overconfidence,stratified_track,f37d445eac4fe94ed5b346b8939aa361ab11f8f32b60cc5c06698bb858efaba8,0
GTSRB,GTSRBCNN,42,low_light,3,trust,trust,trust,performance,absolute_accuracy_drop,absolute accuracy drop,0.04069675376088677,0.05,0.15,trust,False,False,False,,stratified_track,f37d445eac4fe94ed5b346b8939aa361ab11f8f32b60cc5c06698bb858efaba8,0
GTSRB,GTSRBCNN,42,low_light,3,trust,trust,trust,performance,relative_error_increase,relative error increase,0.31113801452784506,1.0,3.0,trust,False,False,False,,stratified_track,f37d445eac4fe94ed5b346b8939aa361ab11f8f32b60cc5c06698bb858efaba8,0
GTSRB,GTSRBCNN,42,low_light,4,caution,caution,caution,confidence,ece_increase,ECE increase,0.037912377272677295,0.03,0.08,caution,True,True,True,,stratified_track,f37d445eac4fe94ed5b346b8939aa361ab11f8f32b60cc5c06698bb858efaba8,0
GTSRB,GTSRBCNN,42,low_light,4,caution,caution,caution,confidence,fixed_hcer_increase,fixed HCER increase,0.0019794140934282986,0.02,0.07,trust,False,False,False,,stratified_track,f37d445eac4fe94ed5b346b8939aa361ab11f8f32b60cc5c06698bb858efaba8,0
GTSRB,GTSRBCNN,42,low_light,4,caution,caution,caution,confidence,gap_deterioration,confidence gap deterioration,0.037910609468758696,0.05,0.12,trust,False,False,False,towards_overconfidence,stratified_track,f37d445eac4fe94ed5b346b8939aa361ab11f8f32b60cc5c06698bb858efaba8,0
GTSRB,GTSRBCNN,42,low_light,4,caution,caution,caution,performance,absolute_accuracy_drop,absolute accuracy drop,0.09334916864608078,0.05,0.15,caution,True,True,True,,stratified_track,f37d445eac4fe94ed5b346b8939aa361ab11f8f32b60cc5c06698bb858efaba8,0
GTSRB,GTSRBCNN,42,low_light,4,caution,caution,caution,performance,relative_error_increase,relative error increase,0.7136803874092013,1.0,3.0,trust,False,False,False,,stratified_track,f37d445eac4fe94ed5b346b8939aa361ab11f8f32b60cc5c06698bb858efaba8,0
GTSRB,GTSRBCNN,42,low_light,5,do_not_trust,do_not_trust,caution,confidence,ece_increase,ECE increase,0.07173963092969511,0.03,0.08,caution,True,True,False,,stratified_track,f37d445eac4fe94ed5b346b8939aa361ab11f8f32b60cc5c06698bb858efaba8,0
GTSRB,GTSRBCNN,42,low_light,5,do_not_trust,do_not_trust,caution,confidence,fixed_hcer_increase,fixed HCER increase,0.002692003167062501,0.02,0.07,trust,False,False,False,,stratified_track,f37d445eac4fe94ed5b346b8939aa361ab11f8f32b60cc5c06698bb858efaba8,0
GTSRB,GTSRBCNN,42,low_light,5,do_not_trust,do_not_trust,caution,confidence,gap_deterioration,confidence gap deterioration,0.07173963092969501,0.05,0.12,caution,True,True,False,towards_overconfidence,stratified_track,f37d445eac4fe94ed5b346b8939aa361ab11f8f32b60cc5c06698bb858efaba8,0
GTSRB,GTSRBCNN,42,low_light,5,do_not_trust,do_not_trust,caution,performance,absolute_accuracy_drop,absolute accuracy drop,0.18313539192399053,0.05,0.15,do_not_trust,True,True,True,,stratified_track,f37d445eac4fe94ed5b346b8939aa361ab11f8f32b60cc5c06698bb858efaba8,0
GTSRB,GTSRBCNN,42,low_light,5,do_not_trust,do_not_trust,caution,performance,relative_error_increase,relative error increase,1.4001210653753031,1.0,3.0,caution,True,False,False,,stratified_track,f37d445eac4fe94ed5b346b8939aa361ab11f8f32b60cc5c06698bb858efaba8,0
GTSRB,ResNet18,42,none,0,trust,trust,trust,confidence,ece_increase,ECE increase,0.0,0.03,0.08,trust,False,False,False,,stratified_track,f37d445eac4fe94ed5b346b8939aa361ab11f8f32b60cc5c06698bb858efaba8,0
GTSRB,ResNet18,42,none,0,trust,trust,trust,confidence,fixed_hcer_increase,fixed HCER increase,0.0,0.02,0.07,trust,False,False,False,,stratified_track,f37d445eac4fe94ed5b346b8939aa361ab11f8f32b60cc5c06698bb858efaba8,0
GTSRB,ResNet18,42,none,0,trust,trust,trust,confidence,gap_deterioration,confidence gap deterioration,0.0,0.05,0.12,trust,False,False,False,unchanged,stratified_track,f37d445eac4fe94ed5b346b8939aa361ab11f8f32b60cc5c06698bb858efaba8,0
GTSRB,ResNet18,42,none,0,trust,trust,trust,performance,absolute_accuracy_drop,absolute accuracy drop,0.0,0.05,0.15,trust,False,False,False,,stratified_track,f37d445eac4fe94ed5b346b8939aa361ab11f8f32b60cc5c06698bb858efaba8,0
GTSRB,ResNet18,42,none,0,trust,trust,trust,performance,relative_error_increase,relative error increase,0.0,1.0,3.0,trust,False,False,False,,stratified_track,f37d445eac4fe94ed5b346b8939aa361ab11f8f32b60cc5c06698bb858efaba8,0
GTSRB,ResNet18,42,blur,1,trust,trust,trust,confidence,ece_increase,ECE increase,0.0030891658645344974,0.03,0.08,trust,False,False,False,,stratified_track,f37d445eac4fe94ed5b346b8939aa361ab11f8f32b60cc5c06698bb858efaba8,0
GTSRB,ResNet18,42,blur,1,trust,trust,trust,confidence,fixed_hcer_increase,fixed HCER increase,0.002058590657165498,0.02,0.07,trust,False,False,False,,stratified_track,f37d445eac4fe94ed5b346b8939aa361ab11f8f32b60cc5c06698bb858efaba8,0
GTSRB,ResNet18,42,blur,1,trust,trust,trust,confidence,gap_deterioration,confidence gap deterioration,0.0032901775242313996,0.05,0.12,trust,False,False,False,towards_overconfidence,stratified_track,f37d445eac4fe94ed5b346b8939aa361ab11f8f32b60cc5c06698bb858efaba8,0
GTSRB,ResNet18,42,blur,1,trust,trust,trust,performance,absolute_accuracy_drop,absolute accuracy drop,0.007205067300079193,0.05,0.15,trust,False,False,False,,stratified_track,f37d445eac4fe94ed5b346b8939aa361ab11f8f32b60cc5c06698bb858efaba8,0
GTSRB,ResNet18,42,blur,1,trust,trust,trust,performance,relative_error_increase,relative error increase,0.1619217081850538,1.0,3.0,trust,False,False,False,,stratified_track,f37d445eac4fe94ed5b346b8939aa361ab11f8f32b60cc5c06698bb858efaba8,0
GTSRB,ResNet18,42,blur,2,trust,trust,trust,confidence,ece_increase,ECE increase,0.010872832230887298,0.03,0.08,trust,False,False,False,,stratified_track,f37d445eac4fe94ed5b346b8939aa361ab11f8f32b60cc5c06698bb858efaba8,0
GTSRB,ResNet18,42,blur,2,trust,trust,trust,confidence,fixed_hcer_increase,fixed HCER increase,0.003879651623119599,0.02,0.07,trust,False,False,False,,stratified_track,f37d445eac4fe94ed5b346b8939aa361ab11f8f32b60cc5c06698bb858efaba8,0
GTSRB,ResNet18,42,blur,2,trust,trust,trust,confidence,gap_deterioration,confidence gap deterioration,0.011475736162347299,0.05,0.12,trust,False,False,False,towards_overconfidence,stratified_track,f37d445eac4fe94ed5b346b8939aa361ab11f8f32b60cc5c06698bb858efaba8,0
GTSRB,ResNet18,42,blur,2,trust,trust,trust,performance,absolute_accuracy_drop,absolute accuracy drop,0.021773555027711833,0.05,0.15,trust,False,False,False,,stratified_track,f37d445eac4fe94ed5b346b8939aa361ab11f8f32b60cc5c06698bb858efaba8,0
GTSRB,ResNet18,42,blur,2,trust,trust,trust,performance,relative_error_increase,relative error increase,0.4893238434163711,1.0,3.0,trust,False,False,False,,stratified_track,f37d445eac4fe94ed5b346b8939aa361ab11f8f32b60cc5c06698bb858efaba8,0
GTSRB,ResNet18,42,blur,3,caution,caution,trust,confidence,ece_increase,ECE increase,0.021581324234734602,0.03,0.08,trust,False,False,False,,stratified_track,f37d445eac4fe94ed5b346b8939aa361ab11f8f32b60cc5c06698bb858efaba8,0
GTSRB,ResNet18,42,blur,3,caution,caution,trust,confidence,fixed_hcer_increase,fixed HCER increase,0.0097387173396675,0.02,0.07,trust,False,False,False,,stratified_track,f37d445eac4fe94ed5b346b8939aa361ab11f8f32b60cc5c06698bb858efaba8,0
GTSRB,ResNet18,42,blur,3,caution,caution,trust,confidence,gap_deterioration,confidence gap deterioration,0.022388842676545704,0.05,0.12,trust,False,False,False,towards_overconfidence,stratified_track,f37d445eac4fe94ed5b346b8939aa361ab11f8f32b60cc5c06698bb858efaba8,0
GTSRB,ResNet18,42,blur,3,caution,caution,trust,performance,absolute_accuracy_drop,absolute accuracy drop,0.05043547110055424,0.05,0.15,caution,True,True,True,,stratified_track,f37d445eac4fe94ed5b346b8939aa361ab11f8f32b60cc5c06698bb858efaba8,0
GTSRB,ResNet18,42,blur,3,caution,caution,trust,performance,relative_error_increase,relative error increase,1.133451957295374,1.0,3.0,caution,True,True,True,,stratified_track,f37d445eac4fe94ed5b346b8939aa361ab11f8f32b60cc5c06698bb858efaba8,0
GTSRB,ResNet18,42,blur,4,caution,caution,caution,confidence,ece_increase,ECE increase,0.05025469846699031,0.03,0.08,caution,True,True,True,,stratified_track,f37d445eac4fe94ed5b346b8939aa361ab11f8f32b60cc5c06698bb858efaba8,0
GTSRB,ResNet18,42,blur,4,caution,caution,caution,confidence,fixed_hcer_increase,fixed HCER increase,0.018606492478226502,0.02,0.07,trust,False,False,False,,stratified_track,f37d445eac4fe94ed5b346b8939aa361ab11f8f32b60cc5c06698bb858efaba8,0
GTSRB,ResNet18,42,blur,4,caution,caution,caution,confidence,gap_deterioration,confidence gap deterioration,0.050580188016143904,0.05,0.12,caution,True,True,True,towards_overconfidence,stratified_track,f37d445eac4fe94ed5b346b8939aa361ab11f8f32b60cc5c06698bb858efaba8,0
GTSRB,ResNet18,42,blur,4,caution,caution,caution,performance,absolute_accuracy_drop,absolute accuracy drop,0.11314330958036423,0.05,0.15,caution,True,True,True,,stratified_track,f37d445eac4fe94ed5b346b8939aa361ab11f8f32b60cc5c06698bb858efaba8,0
GTSRB,ResNet18,42,blur,4,caution,caution,caution,performance,relative_error_increase,relative error increase,2.5427046263345208,1.0,3.0,caution,True,True,True,,stratified_track,f37d445eac4fe94ed5b346b8939aa361ab11f8f32b60cc5c06698bb858efaba8,0
GTSRB,ResNet18,42,blur,5,do_not_trust,do_not_trust,do_not_trust,confidence,ece_increase,ECE increase,0.0982726176721373,0.03,0.08,do_not_trust,True,True,True,,stratified_track,f37d445eac4fe94ed5b346b8939aa361ab11f8f32b60cc5c06698bb858efaba8,0
GTSRB,ResNet18,42,blur,5,do_not_trust,do_not_trust,do_not_trust,confidence,fixed_hcer_increase,fixed HCER increase,0.0348376880443389,0.02,0.07,caution,True,False,False,,stratified_track,f37d445eac4fe94ed5b346b8939aa361ab11f8f32b60cc5c06698bb858efaba8,0
GTSRB,ResNet18,42,blur,5,do_not_trust,do_not_trust,do_not_trust,confidence,gap_deterioration,confidence gap deterioration,0.09908013611394839,0.05,0.12,caution,True,False,False,towards_overconfidence,stratified_track,f37d445eac4fe94ed5b346b8939aa361ab11f8f32b60cc5c06698bb858efaba8,0
GTSRB,ResNet18,42,blur,5,do_not_trust,do_not_trust,do_not_trust,performance,absolute_accuracy_drop,absolute accuracy drop,0.21377672209026133,0.05,0.15,do_not_trust,True,True,True,,stratified_track,f37d445eac4fe94ed5b346b8939aa361ab11f8f32b60cc5c06698bb858efaba8,0
GTSRB,ResNet18,42,blur,5,do_not_trust,do_not_trust,do_not_trust,performance,relative_error_increase,relative error increase,4.804270462633455,1.0,3.0,do_not_trust,True,True,True,,stratified_track,f37d445eac4fe94ed5b346b8939aa361ab11f8f32b60cc5c06698bb858efaba8,0
GTSRB,ResNet18,42,noise,1,caution,caution,caution,confidence,ece_increase,ECE increase,0.0412952813575736,0.03,0.08,caution,True,True,True,,stratified_track,f37d445eac4fe94ed5b346b8939aa361ab11f8f32b60cc5c06698bb858efaba8,0
GTSRB,ResNet18,42,noise,1,caution,caution,caution,confidence,fixed_hcer_increase,fixed HCER increase,0.017498020585906597,0.02,0.07,trust,False,False,False,,stratified_track,f37d445eac4fe94ed5b346b8939aa361ab11f8f32b60cc5c06698bb858efaba8,0
GTSRB,ResNet18,42,noise,1,caution,caution,caution,confidence,gap_deterioration,confidence gap deterioration,0.04210279979938479,0.05,0.12,trust,False,False,False,towards_overconfidence,stratified_track,f37d445eac4fe94ed5b346b8939aa361ab11f8f32b60cc5c06698bb858efaba8,0
GTSRB,ResNet18,42,noise,1,caution,caution,caution,performance,absolute_accuracy_drop,absolute accuracy drop,0.09422011084718929,0.05,0.15,caution,True,True,True,,stratified_track,f37d445eac4fe94ed5b346b8939aa361ab11f8f32b60cc5c06698bb858efaba8,0
GTSRB,ResNet18,42,noise,1,caution,caution,caution,performance,relative_error_increase,relative error increase,2.117437722419931,1.0,3.0,caution,True,True,True,,stratified_track,f37d445eac4fe94ed5b346b8939aa361ab11f8f32b60cc5c06698bb858efaba8,0
GTSRB,ResNet18,42,noise,2,do_not_trust,do_not_trust,caution,confidence,ece_increase,ECE increase,0.0684023962982193,0.03,0.08,caution,True,True,False,,stratified_track,f37d445eac4fe94ed5b346b8939aa361ab11f8f32b60cc5c06698bb858efaba8,0
GTSRB,ResNet18,42,noise,2,do_not_trust,do_not_trust,caution,confidence,fixed_hcer_increase,fixed HCER increase,0.019081551860649297,0.02,0.07,trust,False,False,False,,stratified_track,f37d445eac4fe94ed5b346b8939aa361ab11f8f32b60cc5c06698bb858efaba8,0
GTSRB,ResNet18,42,noise,2,do_not_trust,do_not_trust,caution,confidence,gap_deterioration,confidence gap deterioration,0.06920991474003049,0.05,0.12,caution,True,True,False,towards_overconfidence,stratified_track,f37d445eac4fe94ed5b346b8939aa361ab11f8f32b60cc5c06698bb858efaba8,0
GTSRB,ResNet18,42,noise,2,do_not_trust,do_not_trust,caution,performance,absolute_accuracy_drop,absolute accuracy drop,0.2420427553444181,0.05,0.15,do_not_trust,True,True,True,,stratified_track,f37d445eac4fe94ed5b346b8939aa361ab11f8f32b60cc5c06698bb858efaba8,0
GTSRB,ResNet18,42,noise,2,do_not_trust,do_not_trust,caution,performance,relative_error_increase,relative error increase,5.439501779359434,1.0,3.0,do_not_trust,True,True,True,,stratified_track,f37d445eac4fe94ed5b346b8939aa361ab11f8f32b60cc5c06698bb858efaba8,0
GTSRB,ResNet18,42,noise,3,do_not_trust,do_not_trust,do_not_trust,confidence,ece_increase,ECE increase,0.0968119167906372,0.03,0.08,do_not_trust,True,True,True,,stratified_track,f37d445eac4fe94ed5b346b8939aa361ab11f8f32b60cc5c06698bb858efaba8,0
GTSRB,ResNet18,42,noise,3,do_not_trust,do_not_trust,do_not_trust,confidence,fixed_hcer_increase,fixed HCER increase,0.0073634204275534985,0.02,0.07,trust,False,False,False,,stratified_track,f37d445eac4fe94ed5b346b8939aa361ab11f8f32b60cc5c06698bb858efaba8,0
GTSRB,ResNet18,42,noise,3,do_not_trust,do_not_trust,do_not_trust,confidence,gap_deterioration,confidence gap deterioration,0.0975882448934414,0.05,0.12,caution,True,False,False,towards_overconfidence,stratified_track,f37d445eac4fe94ed5b346b8939aa361ab11f8f32b60cc5c06698bb858efaba8,0
GTSRB,ResNet18,42,noise,3,do_not_trust,do_not_trust,do_not_trust,performance,absolute_accuracy_drop,absolute accuracy drop,0.3935866983372922,0.05,0.15,do_not_trust,True,True,True,,stratified_track,f37d445eac4fe94ed5b346b8939aa361ab11f8f32b60cc5c06698bb858efaba8,0
GTSRB,ResNet18,42,noise,3,do_not_trust,do_not_trust,do_not_trust,performance,relative_error_increase,relative error increase,8.845195729537371,1.0,3.0,do_not_trust,True,True,True,,stratified_track,f37d445eac4fe94ed5b346b8939aa361ab11f8f32b60cc5c06698bb858efaba8,0
GTSRB,ResNet18,42,noise,4,do_not_trust,do_not_trust,do_not_trust,confidence,ece_increase,ECE increase,0.1677561449266009,0.03,0.08,do_not_trust,True,True,True,,stratified_track,f37d445eac4fe94ed5b346b8939aa361ab11f8f32b60cc5c06698bb858efaba8,0
GTSRB,ResNet18,42,noise,4,do_not_trust,do_not_trust,do_not_trust,confidence,fixed_hcer_increase,fixed HCER increase,0.0033254156769595977,0.02,0.07,trust,False,False,False,,stratified_track,f37d445eac4fe94ed5b346b8939aa361ab11f8f32b60cc5c06698bb858efaba8,0
GTSRB,ResNet18,42,noise,4,do_not_trust,do_not_trust,do_not_trust,confidence,gap_deterioration,confidence gap deterioration,0.1685636633684119,0.05,0.12,do_not_trust,True,True,True,towards_overconfidence,stratified_track,f37d445eac4fe94ed5b346b8939aa361ab11f8f32b60cc5c06698bb858efaba8,0
GTSRB,ResNet18,42,noise,4,do_not_trust,do_not_trust,do_not_trust,performance,absolute_accuracy_drop,absolute accuracy drop,0.5462391132224862,0.05,0.15,do_not_trust,True,True,True,,stratified_track,f37d445eac4fe94ed5b346b8939aa361ab11f8f32b60cc5c06698bb858efaba8,0
GTSRB,ResNet18,42,noise,4,do_not_trust,do_not_trust,do_not_trust,performance,relative_error_increase,relative error increase,12.275800711743777,1.0,3.0,do_not_trust,True,True,True,,stratified_track,f37d445eac4fe94ed5b346b8939aa361ab11f8f32b60cc5c06698bb858efaba8,0
GTSRB,ResNet18,42,noise,5,do_not_trust,do_not_trust,do_not_trust,confidence,ece_increase,ECE increase,0.2718234035625216,0.03,0.08,do_not_trust,True,True,True,,stratified_track,f37d445eac4fe94ed5b346b8939aa361ab11f8f32b60cc5c06698bb858efaba8,0
GTSRB,ResNet18,42,noise,5,do_not_trust,do_not_trust,do_not_trust,confidence,fixed_hcer_increase,fixed HCER increase,0.007917656373713399,0.02,0.07,trust,False,False,False,,stratified_track,f37d445eac4fe94ed5b346b8939aa361ab11f8f32b60cc5c06698bb858efaba8,0
GTSRB,ResNet18,42,noise,5,do_not_trust,do_not_trust,do_not_trust,confidence,gap_deterioration,confidence gap deterioration,0.2726309220043327,0.05,0.12,do_not_trust,True,True,True,towards_overconfidence,stratified_track,f37d445eac4fe94ed5b346b8939aa361ab11f8f32b60cc5c06698bb858efaba8,0
GTSRB,ResNet18,42,noise,5,do_not_trust,do_not_trust,do_not_trust,performance,absolute_accuracy_drop,absolute accuracy drop,0.6753760886777513,0.05,0.15,do_not_trust,True,True,True,,stratified_track,f37d445eac4fe94ed5b346b8939aa361ab11f8f32b60cc5c06698bb858efaba8,0
GTSRB,ResNet18,42,noise,5,do_not_trust,do_not_trust,do_not_trust,performance,relative_error_increase,relative error increase,15.177935943060502,1.0,3.0,do_not_trust,True,True,True,,stratified_track,f37d445eac4fe94ed5b346b8939aa361ab11f8f32b60cc5c06698bb858efaba8,0
GTSRB,ResNet18,42,low_light,1,trust,trust,trust,confidence,ece_increase,ECE increase,0.0010739483074922972,0.03,0.08,trust,False,False,False,,stratified_track,f37d445eac4fe94ed5b346b8939aa361ab11f8f32b60cc5c06698bb858efaba8,0
GTSRB,ResNet18,42,low_light,1,trust,trust,trust,confidence,fixed_hcer_increase,fixed HCER increase,0.0,0.02,0.07,trust,False,False,False,,stratified_track,f37d445eac4fe94ed5b346b8939aa361ab11f8f32b60cc5c06698bb858efaba8,0
GTSRB,ResNet18,42,low_light,1,trust,trust,trust,confidence,gap_deterioration,confidence gap deterioration,0.0016405930935817006,0.05,0.12,trust,False,False,False,towards_overconfidence,stratified_track,f37d445eac4fe94ed5b346b8939aa361ab11f8f32b60cc5c06698bb858efaba8,0
GTSRB,ResNet18,42,low_light,1,trust,trust,trust,performance,absolute_accuracy_drop,absolute accuracy drop,0.0030878859857483842,0.05,0.15,trust,False,False,False,,stratified_track,f37d445eac4fe94ed5b346b8939aa361ab11f8f32b60cc5c06698bb858efaba8,0
GTSRB,ResNet18,42,low_light,1,trust,trust,trust,performance,relative_error_increase,relative error increase,0.06939501779359805,1.0,3.0,trust,False,False,False,,stratified_track,f37d445eac4fe94ed5b346b8939aa361ab11f8f32b60cc5c06698bb858efaba8,0
GTSRB,ResNet18,42,low_light,2,trust,trust,trust,confidence,ece_increase,ECE increase,0.0017488748295290991,0.03,0.08,trust,False,False,False,,stratified_track,f37d445eac4fe94ed5b346b8939aa361ab11f8f32b60cc5c06698bb858efaba8,0
GTSRB,ResNet18,42,low_light,2,trust,trust,trust,confidence,fixed_hcer_increase,fixed HCER increase,7.917656373719953e-05,0.02,0.07,trust,False,False,False,,stratified_track,f37d445eac4fe94ed5b346b8939aa361ab11f8f32b60cc5c06698bb858efaba8,0
GTSRB,ResNet18,42,low_light,2,trust,trust,trust,confidence,gap_deterioration,confidence gap deterioration,0.0017860130443048995,0.05,0.12,trust,False,False,False,towards_overconfidence,stratified_track,f37d445eac4fe94ed5b346b8939aa361ab11f8f32b60cc5c06698bb858efaba8,0
GTSRB,ResNet18,42,low_light,2,trust,trust,trust,performance,absolute_accuracy_drop,absolute accuracy drop,0.0068883610451307975,0.05,0.15,trust,False,False,False,,stratified_track,f37d445eac4fe94ed5b346b8939aa361ab11f8f32b60cc5c06698bb858efaba8,0
GTSRB,ResNet18,42,low_light,2,trust,trust,trust,performance,relative_error_increase,relative error increase,0.154804270462637,1.0,3.0,trust,False,False,False,,stratified_track,f37d445eac4fe94ed5b346b8939aa361ab11f8f32b60cc5c06698bb858efaba8,0
GTSRB,ResNet18,42,low_light,3,trust,trust,trust,confidence,ece_increase,ECE increase,0.005127187373495597,0.03,0.08,trust,False,False,False,,stratified_track,f37d445eac4fe94ed5b346b8939aa361ab11f8f32b60cc5c06698bb858efaba8,0
GTSRB,ResNet18,42,low_light,3,trust,trust,trust,confidence,fixed_hcer_increase,fixed HCER increase,0.0011084718923198983,0.02,0.07,trust,False,False,False,,stratified_track,f37d445eac4fe94ed5b346b8939aa361ab11f8f32b60cc5c06698bb858efaba8,0
GTSRB,ResNet18,42,low_light,3,trust,trust,trust,confidence,gap_deterioration,confidence gap deterioration,0.005934705815306699,0.05,0.12,trust,False,False,False,towards_overconfidence,stratified_track,f37d445eac4fe94ed5b346b8939aa361ab11f8f32b60cc5c06698bb858efaba8,0
GTSRB,ResNet18,42,low_light,3,trust,trust,trust,performance,absolute_accuracy_drop,absolute accuracy drop,0.02066508313539206,0.05,0.15,trust,False,False,False,,stratified_track,f37d445eac4fe94ed5b346b8939aa361ab11f8f32b60cc5c06698bb858efaba8,0
GTSRB,ResNet18,42,low_light,3,trust,trust,trust,performance,relative_error_increase,relative error increase,0.4644128113879036,1.0,3.0,trust,False,False,False,,stratified_track,f37d445eac4fe94ed5b346b8939aa361ab11f8f32b60cc5c06698bb858efaba8,0
GTSRB,ResNet18,42,low_light,4,caution,caution,trust,confidence,ece_increase,ECE increase,0.016410055535941995,0.03,0.08,trust,False,False,False,,stratified_track,f37d445eac4fe94ed5b346b8939aa361ab11f8f32b60cc5c06698bb858efaba8,0
GTSRB,ResNet18,42,low_light,4,caution,caution,trust,confidence,fixed_hcer_increase,fixed HCER increase,0.0031670625494854,0.02,0.07,trust,False,False,False,,stratified_track,f37d445eac4fe94ed5b346b8939aa361ab11f8f32b60cc5c06698bb858efaba8,0
GTSRB,ResNet18,42,low_light,4,caution,caution,trust,confidence,gap_deterioration,confidence gap deterioration,0.0172175739777532,0.05,0.12,trust,False,False,False,towards_overconfidence,stratified_track,f37d445eac4fe94ed5b346b8939aa361ab11f8f32b60cc5c06698bb858efaba8,0
GTSRB,ResNet18,42,low_light,4,caution,caution,trust,performance,absolute_accuracy_drop,absolute accuracy drop,0.054711005542359636,0.05,0.15,caution,True,True,True,,stratified_track,f37d445eac4fe94ed5b346b8939aa361ab11f8f32b60cc5c06698bb858efaba8,0
GTSRB,ResNet18,42,low_light,4,caution,caution,trust,performance,relative_error_increase,relative error increase,1.2295373665480471,1.0,3.0,caution,True,True,True,,stratified_track,f37d445eac4fe94ed5b346b8939aa361ab11f8f32b60cc5c06698bb858efaba8,0
GTSRB,ResNet18,42,low_light,5,do_not_trust,do_not_trust,caution,confidence,ece_increase,ECE increase,0.048146543844130404,0.03,0.08,caution,True,True,False,,stratified_track,f37d445eac4fe94ed5b346b8939aa361ab11f8f32b60cc5c06698bb858efaba8,0
GTSRB,ResNet18,42,low_light,5,do_not_trust,do_not_trust,caution,confidence,fixed_hcer_increase,fixed HCER increase,0.002375296912113998,0.02,0.07,trust,False,False,False,,stratified_track,f37d445eac4fe94ed5b346b8939aa361ab11f8f32b60cc5c06698bb858efaba8,0
GTSRB,ResNet18,42,low_light,5,do_not_trust,do_not_trust,caution,confidence,gap_deterioration,confidence gap deterioration,0.0489540622859415,0.05,0.12,trust,False,False,False,towards_overconfidence,stratified_track,f37d445eac4fe94ed5b346b8939aa361ab11f8f32b60cc5c06698bb858efaba8,0
GTSRB,ResNet18,42,low_light,5,do_not_trust,do_not_trust,caution,performance,absolute_accuracy_drop,absolute accuracy drop,0.14093428345209824,0.05,0.15,caution,True,False,False,,stratified_track,f37d445eac4fe94ed5b346b8939aa361ab11f8f32b60cc5c06698bb858efaba8,0
GTSRB,ResNet18,42,low_light,5,do_not_trust,do_not_trust,caution,performance,relative_error_increase,relative error increase,3.167259786476871,1.0,3.0,do_not_trust,True,True,True,,stratified_track,f37d445eac4fe94ed5b346b8939aa361ab11f8f32b60cc5c06698bb858efaba8,0
